<annotation>
  <folder>images</folder>
  <filename>Alfa_Laval_Sensor_206.jpg</filename>
  <path>data/temptest/images/Alfa_Laval_Sensor_206.jpg</path>
  <source>
    <database>Unknown</database>
  </source>
  <size>
    <width>640</width>
    <height>480</height>
    <depth>3</depth>
  </size>
  <segmented>0</segmented>
  <object>
    <name>alfa</name>
    <pose>Unspecified</pose>
    <truncated>0</truncated>
    <difficult>0</difficult>
    <bndbox>
      <xmin>307</xmin>
      <ymin>184</ymin>
      <xmax>320</xmax>
      <ymax>204</ymax>
    </bndbox>
  </object>
  <object>
    <name>alfa</name>
    <pose>Unspecified</pose>
    <truncated>0</truncated>
    <difficult>0</difficult>
    <bndbox>
      <xmin>277</xmin>
      <ymin>187</ymin>
      <xmax>294</xmax>
      <ymax>212</ymax>
    </bndbox>
  </object>
  <object>
    <name>alfa</name>
    <pose>Unspecified</pose>
    <truncated>0</truncated>
    <difficult>0</difficult>
    <bndbox>
      <xmin>218</xmin>
      <ymin>196</ymin>
      <xmax>241</xmax>
      <ymax>224</ymax>
    </bndbox>
  </object>
</annotation>
