<annotation>
  <folder>images</folder>
  <filename>Alfa_Laval_Sensor_207.jpg</filename>
  <path>data/temptest/images/Alfa_Laval_Sensor_207.jpg</path>
  <source>
    <database>Unknown</database>
  </source>
  <size>
    <width>640</width>
    <height>480</height>
    <depth>3</depth>
  </size>
  <segmented>0</segmented>
  <object>
    <name>alfa</name>
    <pose>Unspecified</pose>
    <truncated>0</truncated>
    <difficult>0</difficult>
    <bndbox>
      <xmin>106</xmin>
      <ymin>207</ymin>
      <xmax>140</xmax>
      <ymax>241</ymax>
    </bndbox>
  </object>
  <object>
    <name>alfa</name>
    <pose>Unspecified</pose>
    <truncated>0</truncated>
    <difficult>0</difficult>
    <bndbox>
      <xmin>206</xmin>
      <ymin>195</ymin>
      <xmax>228</xmax>
      <ymax>222</ymax>
    </bndbox>
  </object>
  <object>
    <name>alfa</name>
    <pose>Unspecified</pose>
    <truncated>0</truncated>
    <difficult>0</difficult>
    <bndbox>
      <xmin>250</xmin>
      <ymin>187</ymin>
      <xmax>270</xmax>
      <ymax>212</ymax>
    </bndbox>
  </object>
</annotation>
