<annotation>
  <folder>images</folder>
  <filename>Alfa_Laval_Sensor_217.jpg</filename>
  <path>data/temptest/images/Alfa_Laval_Sensor_217.jpg</path>
  <source>
    <database>Unknown</database>
  </source>
  <size>
    <width>640</width>
    <height>480</height>
    <depth>3</depth>
  </size>
  <segmented>0</segmented>
  <object>
    <name>alfa</name>
    <pose>Unspecified</pose>
    <truncated>0</truncated>
    <difficult>0</difficult>
    <bndbox>
      <xmin>310</xmin>
      <ymin>194</ymin>
      <xmax>329</xmax>
      <ymax>222</ymax>
    </bndbox>
  </object>
  <object>
    <name>alfa</name>
    <pose>Unspecified</pose>
    <truncated>0</truncated>
    <difficult>0</difficult>
    <bndbox>
      <xmin>353</xmin>
      <ymin>213</ymin>
      <xmax>376</xmax>
      <ymax>249</ymax>
    </bndbox>
  </object>
  <object>
    <name>alfa</name>
    <pose>Unspecified</pose>
    <truncated>0</truncated>
    <difficult>0</difficult>
    <bndbox>
      <xmin>398</xmin>
      <ymin>232</ymin>
      <xmax>430</xmax>
      <ymax>273</ymax>
    </bndbox>
  </object>
</annotation>
