<annotation>
  <folder>images</folder>
  <filename>Alfa_Laval_Sensor_221.jpg</filename>
  <path>data/temptest/images/Alfa_Laval_Sensor_221.jpg</path>
  <source>
    <database>Unknown</database>
  </source>
  <size>
    <width>640</width>
    <height>480</height>
    <depth>3</depth>
  </size>
  <segmented>0</segmented>
  <object>
    <name>alfa</name>
    <pose>Unspecified</pose>
    <truncated>0</truncated>
    <difficult>0</difficult>
    <bndbox>
      <xmin>7</xmin>
      <ymin>145</ymin>
      <xmax>15</xmax>
      <ymax>162</ymax>
    </bndbox>
  </object>
  <object>
    <name>alfa</name>
    <pose>Unspecified</pose>
    <truncated>0</truncated>
    <difficult>0</difficult>
    <bndbox>
      <xmin>272</xmin>
      <ymin>161</ymin>
      <xmax>285</xmax>
      <ymax>178</ymax>
    </bndbox>
  </object>
  <object>
    <name>alfa</name>
    <pose>Unspecified</pose>
    <truncated>0</truncated>
    <difficult>0</difficult>
    <bndbox>
      <xmin>450</xmin>
      <ymin>199</ymin>
      <xmax>478</xmax>
      <ymax>227</ymax>
    </bndbox>
  </object>
</annotation>
