<annotation>
  <folder>images</folder>
  <filename>Alfa_Laval_Sensor_212.jpg</filename>
  <path>data/temptest/images/Alfa_Laval_Sensor_212.jpg</path>
  <source>
    <database>Unknown</database>
  </source>
  <size>
    <width>640</width>
    <height>480</height>
    <depth>3</depth>
  </size>
  <segmented>0</segmented>
  <object>
    <name>alfa</name>
    <pose>Unspecified</pose>
    <truncated>0</truncated>
    <difficult>0</difficult>
    <bndbox>
      <xmin>15</xmin>
      <ymin>275</ymin>
      <xmax>91</xmax>
      <ymax>345</ymax>
    </bndbox>
  </object>
  <object>
    <name>alfa</name>
    <pose>Unspecified</pose>
    <truncated>0</truncated>
    <difficult>0</difficult>
    <bndbox>
      <xmin>310</xmin>
      <ymin>249</ymin>
      <xmax>353</xmax>
      <ymax>296</ymax>
    </bndbox>
  </object>
  <object>
    <name>alfa</name>
    <pose>Unspecified</pose>
    <truncated>0</truncated>
    <difficult>0</difficult>
    <bndbox>
      <xmin>423</xmin>
      <ymin>237</ymin>
      <xmax>460</xmax>
      <ymax>276</ymax>
    </bndbox>
  </object>
</annotation>
