<annotation>
  <folder>images</folder>
  <filename>Alfa_Laval_Sensor_226.jpg</filename>
  <path>data/temptest/images/Alfa_Laval_Sensor_226.jpg</path>
  <source>
    <database>Unknown</database>
  </source>
  <size>
    <width>640</width>
    <height>480</height>
    <depth>3</depth>
  </size>
  <segmented>0</segmented>
  <object>
    <name>alfa</name>
    <pose>Unspecified</pose>
    <truncated>0</truncated>
    <difficult>0</difficult>
    <bndbox>
      <xmin>128</xmin>
      <ymin>162</ymin>
      <xmax>143</xmax>
      <ymax>184</ymax>
    </bndbox>
  </object>
  <object>
    <name>alfa</name>
    <pose>Unspecified</pose>
    <truncated>0</truncated>
    <difficult>0</difficult>
    <bndbox>
      <xmin>593</xmin>
      <ymin>207</ymin>
      <xmax>625</xmax>
      <ymax>249</ymax>
    </bndbox>
  </object>
</annotation>
