<annotation>
  <folder>images</folder>
  <filename>Alfa_Laval_Sensor_201.jpg</filename>
  <path>data/temptest/images/Alfa_Laval_Sensor_201.jpg</path>
  <source>
    <database>Unknown</database>
  </source>
  <size>
    <width>640</width>
    <height>480</height>
    <depth>3</depth>
  </size>
  <segmented>0</segmented>
  <object>
    <name>alfa</name>
    <pose>Unspecified</pose>
    <truncated>0</truncated>
    <difficult>0</difficult>
    <bndbox>
      <xmin>451</xmin>
      <ymin>293</ymin>
      <xmax>513</xmax>
      <ymax>364</ymax>
    </bndbox>
  </object>
</annotation>
