<annotation>
  <folder>images</folder>
  <filename>Alfa_Laval_Sensor_198.jpg</filename>
  <path>data/temptest/images/Alfa_Laval_Sensor_198.jpg</path>
  <source>
    <database>Unknown</database>
  </source>
  <size>
    <width>640</width>
    <height>480</height>
    <depth>3</depth>
  </size>
  <segmented>0</segmented>
  <object>
    <name>alfa</name>
    <pose>Unspecified</pose>
    <truncated>0</truncated>
    <difficult>0</difficult>
    <bndbox>
      <xmin>147</xmin>
      <ymin>237</ymin>
      <xmax>195</xmax>
      <ymax>287</ymax>
    </bndbox>
  </object>
  <object>
    <name>alfa</name>
    <pose>Unspecified</pose>
    <truncated>0</truncated>
    <difficult>0</difficult>
    <bndbox>
      <xmin>272</xmin>
      <ymin>199</ymin>
      <xmax>300</xmax>
      <ymax>235</ymax>
    </bndbox>
  </object>
</annotation>
