<annotation>
  <folder>images</folder>
  <filename>Alfa_Laval_Sensor_215.jpg</filename>
  <path>data/temptest/images/Alfa_Laval_Sensor_215.jpg</path>
  <source>
    <database>Unknown</database>
  </source>
  <size>
    <width>640</width>
    <height>480</height>
    <depth>3</depth>
  </size>
  <segmented>0</segmented>
  <object>
    <name>alfa</name>
    <pose>Unspecified</pose>
    <truncated>0</truncated>
    <difficult>0</difficult>
    <bndbox>
      <xmin>390</xmin>
      <ymin>211</ymin>
      <xmax>415</xmax>
      <ymax>241</ymax>
    </bndbox>
  </object>
  <object>
    <name>alfa</name>
    <pose>Unspecified</pose>
    <truncated>0</truncated>
    <difficult>0</difficult>
    <bndbox>
      <xmin>494</xmin>
      <ymin>237</ymin>
      <xmax>533</xmax>
      <ymax>278</ymax>
    </bndbox>
  </object>
  <object>
    <name>alfa</name>
    <pose>Unspecified</pose>
    <truncated>1</truncated>
    <difficult>0</difficult>
    <bndbox>
      <xmin>617</xmin>
      <ymin>267</ymin>
      <xmax>640</xmax>
      <ymax>316</ymax>
    </bndbox>
  </object>
</annotation>
