<annotation>
  <folder>images</folder>
  <filename>Alfa_Laval_Sensor_205.jpg</filename>
  <path>data/temptest/images/Alfa_Laval_Sensor_205.jpg</path>
  <source>
    <database>Unknown</database>
  </source>
  <size>
    <width>640</width>
    <height>480</height>
    <depth>3</depth>
  </size>
  <segmented>0</segmented>
  <object>
    <name>alfa</name>
    <pose>Unspecified</pose>
    <truncated>0</truncated>
    <difficult>0</difficult>
    <bndbox>
      <xmin>244</xmin>
      <ymin>167</ymin>
      <xmax>258</xmax>
      <ymax>187</ymax>
    </bndbox>
  </object>
  <object>
    <name>alfa</name>
    <pose>Unspecified</pose>
    <truncated>0</truncated>
    <difficult>0</difficult>
    <bndbox>
      <xmin>275</xmin>
      <ymin>164</ymin>
      <xmax>285</xmax>
      <ymax>178</ymax>
    </bndbox>
  </object>
  <object>
    <name>alfa</name>
    <pose>Unspecified</pose>
    <truncated>0</truncated>
    <difficult>0</difficult>
    <bndbox>
      <xmin>291</xmin>
      <ymin>161</ymin>
      <xmax>301</xmax>
      <ymax>176</ymax>
    </bndbox>
  </object>
</annotation>
