<annotation>
  <folder>images</folder>
  <filename>Alfa_Laval_Sensor_196.jpg</filename>
  <path>data/temptest/images/Alfa_Laval_Sensor_196.jpg</path>
  <source>
    <database>Unknown</database>
  </source>
  <size>
    <width>640</width>
    <height>480</height>
    <depth>3</depth>
  </size>
  <segmented>0</segmented>
  <object>
    <name>alfa</name>
    <pose>Unspecified</pose>
    <truncated>0</truncated>
    <difficult>0</difficult>
    <bndbox>
      <xmin>100</xmin>
      <ymin>416</ymin>
      <xmax>149</xmax>
      <ymax>475</ymax>
    </bndbox>
  </object>
  <object>
    <name>alfa</name>
    <pose>Unspecified</pose>
    <truncated>0</truncated>
    <difficult>0</difficult>
    <bndbox>
      <xmin>243</xmin>
      <ymin>367</ymin>
      <xmax>270</xmax>
      <ymax>403</ymax>
    </bndbox>
  </object>
</annotation>
