<annotation>
  <folder>images</folder>
  <filename>Alfa_Laval_Sensor_213.jpg</filename>
  <path>data/temptest/images/Alfa_Laval_Sensor_213.jpg</path>
  <source>
    <database>Unknown</database>
  </source>
  <size>
    <width>640</width>
    <height>480</height>
    <depth>3</depth>
  </size>
  <segmented>0</segmented>
  <object>
    <name>alfa</name>
    <pose>Unspecified</pose>
    <truncated>0</truncated>
    <difficult>0</difficult>
    <bndbox>
      <xmin>72</xmin>
      <ymin>208</ymin>
      <xmax>112</xmax>
      <ymax>250</ymax>
    </bndbox>
  </object>
  <object>
    <name>alfa</name>
    <pose>Unspecified</pose>
    <truncated>0</truncated>
    <difficult>0</difficult>
    <bndbox>
      <xmin>158</xmin>
      <ymin>190</ymin>
      <xmax>181</xmax>
      <ymax>220</ymax>
    </bndbox>
  </object>
  <object>
    <name>alfa</name>
    <pose>Unspecified</pose>
    <truncated>0</truncated>
    <difficult>0</difficult>
    <bndbox>
      <xmin>194</xmin>
      <ymin>181</ymin>
      <xmax>212</xmax>
      <ymax>208</ymax>
    </bndbox>
  </object>
</annotation>
