<annotation>
	<folder>temp</folder>
	<filename>Alfa_Laval_Sensor_160.jpg</filename>
	<path>C:\Users\emila\Documents\Diplomingeniør_lokal\GitHubDesktop\Afgangsprojekt\Python\data\temp\Alfa_Laval_Sensor_160.jpg</path>
	<source>
		<database>Unknown</database>
	</source>
	<size>
		<width>640</width>
		<height>480</height>
		<depth>3</depth>
	</size>
	<segmented>0</segmented>
	<object>
		<name>alfa</name>
		<pose>Unspecified</pose>
		<truncated>0</truncated>
		<difficult>0</difficult>
		<bndbox>
			<xmin>9</xmin>
			<ymin>301</ymin>
			<xmax>39</xmax>
			<ymax>331</ymax>
		</bndbox>
	</object>
</annotation>
