<annotation>
  <folder>images</folder>
  <filename>Alfa_Laval_Sensor_209.jpg</filename>
  <path>data/temptest/images/Alfa_Laval_Sensor_209.jpg</path>
  <source>
    <database>Unknown</database>
  </source>
  <size>
    <width>640</width>
    <height>480</height>
    <depth>3</depth>
  </size>
  <segmented>0</segmented>
  <object>
    <name>alfa</name>
    <pose>Unspecified</pose>
    <truncated>0</truncated>
    <difficult>0</difficult>
    <bndbox>
      <xmin>43</xmin>
      <ymin>306</ymin>
      <xmax>108</xmax>
      <ymax>380</ymax>
    </bndbox>
  </object>
  <object>
    <name>alfa</name>
    <pose>Unspecified</pose>
    <truncated>0</truncated>
    <difficult>0</difficult>
    <bndbox>
      <xmin>183</xmin>
      <ymin>238</ymin>
      <xmax>212</xmax>
      <ymax>288</ymax>
    </bndbox>
  </object>
  <object>
    <name>alfa</name>
    <pose>Unspecified</pose>
    <truncated>0</truncated>
    <difficult>0</difficult>
    <bndbox>
      <xmin>225</xmin>
      <ymin>218</ymin>
      <xmax>247</xmax>
      <ymax>253</ymax>
    </bndbox>
  </object>
</annotation>
