<annotation>
  <folder>images</folder>
  <filename>Alfa_Laval_Sensor_219.jpg</filename>
  <path>data/temptest/images/Alfa_Laval_Sensor_219.jpg</path>
  <source>
    <database>Unknown</database>
  </source>
  <size>
    <width>640</width>
    <height>480</height>
    <depth>3</depth>
  </size>
  <segmented>0</segmented>
  <object>
    <name>alfa</name>
    <pose>Unspecified</pose>
    <truncated>0</truncated>
    <difficult>0</difficult>
    <bndbox>
      <xmin>236</xmin>
      <ymin>187</ymin>
      <xmax>252</xmax>
      <ymax>213</ymax>
    </bndbox>
  </object>
  <object>
    <name>alfa</name>
    <pose>Unspecified</pose>
    <truncated>0</truncated>
    <difficult>0</difficult>
    <bndbox>
      <xmin>276</xmin>
      <ymin>205</ymin>
      <xmax>298</xmax>
      <ymax>235</ymax>
    </bndbox>
  </object>
  <object>
    <name>alfa</name>
    <pose>Unspecified</pose>
    <truncated>0</truncated>
    <difficult>0</difficult>
    <bndbox>
      <xmin>320</xmin>
      <ymin>217</ymin>
      <xmax>351</xmax>
      <ymax>258</ymax>
    </bndbox>
  </object>
</annotation>
