<annotation>
  <folder>images</folder>
  <filename>Alfa_Laval_Sensor_232.jpg</filename>
  <path>data/temptest/images/Alfa_Laval_Sensor_232.jpg</path>
  <source>
    <database>Unknown</database>
  </source>
  <size>
    <width>640</width>
    <height>480</height>
    <depth>3</depth>
  </size>
  <segmented>0</segmented>
  <object>
    <name>alfa</name>
    <pose>Unspecified</pose>
    <truncated>0</truncated>
    <difficult>0</difficult>
    <bndbox>
      <xmin>123</xmin>
      <ymin>107</ymin>
      <xmax>141</xmax>
      <ymax>130</ymax>
    </bndbox>
  </object>
  <object>
    <name>alfa</name>
    <pose>Unspecified</pose>
    <truncated>1</truncated>
    <difficult>0</difficult>
    <bndbox>
      <xmin>610</xmin>
      <ymin>168</ymin>
      <xmax>640</xmax>
      <ymax>212</ymax>
    </bndbox>
  </object>
  <object>
    <name>alfa</name>
    <pose>Unspecified</pose>
    <truncated>0</truncated>
    <difficult>0</difficult>
    <bndbox>
      <xmin>190</xmin>
      <ymin>91</ymin>
      <xmax>199</xmax>
      <ymax>106</ymax>
    </bndbox>
  </object>
</annotation>
