<annotation>
  <folder>images</folder>
  <filename>Alfa_Laval_Sensor_222.jpg</filename>
  <path>data/temptest/images/Alfa_Laval_Sensor_222.jpg</path>
  <source>
    <database>Unknown</database>
  </source>
  <size>
    <width>640</width>
    <height>480</height>
    <depth>3</depth>
  </size>
  <segmented>0</segmented>
  <object>
    <name>alfa</name>
    <pose>Unspecified</pose>
    <truncated>0</truncated>
    <difficult>0</difficult>
    <bndbox>
      <xmin>52</xmin>
      <ymin>147</ymin>
      <xmax>63</xmax>
      <ymax>164</ymax>
    </bndbox>
  </object>
  <object>
    <name>alfa</name>
    <pose>Unspecified</pose>
    <truncated>0</truncated>
    <difficult>0</difficult>
    <bndbox>
      <xmin>390</xmin>
      <ymin>170</ymin>
      <xmax>409</xmax>
      <ymax>190</ymax>
    </bndbox>
  </object>
</annotation>
