<annotation>
  <folder>images</folder>
  <filename>Alfa_Laval_Sensor_223.jpg</filename>
  <path>data/temptest/images/Alfa_Laval_Sensor_223.jpg</path>
  <source>
    <database>Unknown</database>
  </source>
  <size>
    <width>640</width>
    <height>480</height>
    <depth>3</depth>
  </size>
  <segmented>0</segmented>
  <object>
    <name>alfa</name>
    <pose>Unspecified</pose>
    <truncated>0</truncated>
    <difficult>0</difficult>
    <bndbox>
      <xmin>195</xmin>
      <ymin>161</ymin>
      <xmax>214</xmax>
      <ymax>184</ymax>
    </bndbox>
  </object>
  <object>
    <name>alfa</name>
    <pose>Unspecified</pose>
    <truncated>0</truncated>
    <difficult>0</difficult>
    <bndbox>
      <xmin>574</xmin>
      <ymin>228</ymin>
      <xmax>620</xmax>
      <ymax>271</ymax>
    </bndbox>
  </object>
</annotation>
