<annotation>
  <folder>images</folder>
  <filename>Alfa_Laval_Sensor_218.jpg</filename>
  <path>data/temptest/images/Alfa_Laval_Sensor_218.jpg</path>
  <source>
    <database>Unknown</database>
  </source>
  <size>
    <width>640</width>
    <height>480</height>
    <depth>3</depth>
  </size>
  <segmented>0</segmented>
  <object>
    <name>alfa</name>
    <pose>Unspecified</pose>
    <truncated>0</truncated>
    <difficult>0</difficult>
    <bndbox>
      <xmin>321</xmin>
      <ymin>185</ymin>
      <xmax>332</xmax>
      <ymax>212</ymax>
    </bndbox>
  </object>
  <object>
    <name>alfa</name>
    <pose>Unspecified</pose>
    <truncated>0</truncated>
    <difficult>0</difficult>
    <bndbox>
      <xmin>333</xmin>
      <ymin>198</ymin>
      <xmax>348</xmax>
      <ymax>230</ymax>
    </bndbox>
  </object>
  <object>
    <name>alfa</name>
    <pose>Unspecified</pose>
    <truncated>0</truncated>
    <difficult>0</difficult>
    <bndbox>
      <xmin>348</xmin>
      <ymin>212</ymin>
      <xmax>366</xmax>
      <ymax>247</ymax>
    </bndbox>
  </object>
</annotation>
