<annotation>
  <folder>images</folder>
  <filename>Alfa_Laval_Sensor_225.jpg</filename>
  <path>data/temptest/images/Alfa_Laval_Sensor_225.jpg</path>
  <source>
    <database>Unknown</database>
  </source>
  <size>
    <width>640</width>
    <height>480</height>
    <depth>3</depth>
  </size>
  <segmented>0</segmented>
  <object>
    <name>alfa</name>
    <pose>Unspecified</pose>
    <truncated>0</truncated>
    <difficult>0</difficult>
    <bndbox>
      <xmin>197</xmin>
      <ymin>182</ymin>
      <xmax>209</xmax>
      <ymax>199</ymax>
    </bndbox>
  </object>
  <object>
    <name>alfa</name>
    <pose>Unspecified</pose>
    <truncated>0</truncated>
    <difficult>0</difficult>
    <bndbox>
      <xmin>538</xmin>
      <ymin>205</ymin>
      <xmax>556</xmax>
      <ymax>232</ymax>
    </bndbox>
  </object>
</annotation>
