<annotation>
  <folder>images</folder>
  <filename>Alfa_Laval_Sensor_220.jpg</filename>
  <path>data/temptest/images/Alfa_Laval_Sensor_220.jpg</path>
  <source>
    <database>Unknown</database>
  </source>
  <size>
    <width>640</width>
    <height>480</height>
    <depth>3</depth>
  </size>
  <segmented>0</segmented>
  <object>
    <name>alfa</name>
    <pose>Unspecified</pose>
    <truncated>0</truncated>
    <difficult>0</difficult>
    <bndbox>
      <xmin>521</xmin>
      <ymin>188</ymin>
      <xmax>540</xmax>
      <ymax>212</ymax>
    </bndbox>
  </object>
  <object>
    <name>alfa</name>
    <pose>Unspecified</pose>
    <truncated>0</truncated>
    <difficult>0</difficult>
    <bndbox>
      <xmin>408</xmin>
      <ymin>161</ymin>
      <xmax>417</xmax>
      <ymax>176</ymax>
    </bndbox>
  </object>
  <object>
    <name>alfa</name>
    <pose>Unspecified</pose>
    <truncated>0</truncated>
    <difficult>0</difficult>
    <bndbox>
      <xmin>205</xmin>
      <ymin>148</ymin>
      <xmax>214</xmax>
      <ymax>159</ymax>
    </bndbox>
  </object>
</annotation>
