<annotation>
  <folder>images</folder>
  <filename>Alfa_Laval_Sensor_210.jpg</filename>
  <path>data/temptest/images/Alfa_Laval_Sensor_210.jpg</path>
  <source>
    <database>Unknown</database>
  </source>
  <size>
    <width>640</width>
    <height>480</height>
    <depth>3</depth>
  </size>
  <segmented>0</segmented>
  <object>
    <name>alfa</name>
    <pose>Unspecified</pose>
    <truncated>0</truncated>
    <difficult>0</difficult>
    <bndbox>
      <xmin>147</xmin>
      <ymin>320</ymin>
      <xmax>222</xmax>
      <ymax>403</ymax>
    </bndbox>
  </object>
  <object>
    <name>alfa</name>
    <pose>Unspecified</pose>
    <truncated>0</truncated>
    <difficult>0</difficult>
    <bndbox>
      <xmin>383</xmin>
      <ymin>264</ymin>
      <xmax>423</xmax>
      <ymax>312</ymax>
    </bndbox>
  </object>
  <object>
    <name>alfa</name>
    <pose>Unspecified</pose>
    <truncated>0</truncated>
    <difficult>0</difficult>
    <bndbox>
      <xmin>462</xmin>
      <ymin>241</ymin>
      <xmax>494</xmax>
      <ymax>284</ymax>
    </bndbox>
  </object>
</annotation>
