<annotation>
  <folder>images</folder>
  <filename>Alfa_Laval_Sensor_216.jpg</filename>
  <path>data/temptest/images/Alfa_Laval_Sensor_216.jpg</path>
  <source>
    <database>Unknown</database>
  </source>
  <size>
    <width>640</width>
    <height>480</height>
    <depth>3</depth>
  </size>
  <segmented>0</segmented>
  <object>
    <name>alfa</name>
    <pose>Unspecified</pose>
    <truncated>0</truncated>
    <difficult>0</difficult>
    <bndbox>
      <xmin>245</xmin>
      <ymin>204</ymin>
      <xmax>267</xmax>
      <ymax>237</ymax>
    </bndbox>
  </object>
  <object>
    <name>alfa</name>
    <pose>Unspecified</pose>
    <truncated>0</truncated>
    <difficult>0</difficult>
    <bndbox>
      <xmin>301</xmin>
      <ymin>230</ymin>
      <xmax>332</xmax>
      <ymax>276</ymax>
    </bndbox>
  </object>
  <object>
    <name>alfa</name>
    <pose>Unspecified</pose>
    <truncated>0</truncated>
    <difficult>0</difficult>
    <bndbox>
      <xmin>367</xmin>
      <ymin>261</ymin>
      <xmax>409</xmax>
      <ymax>320</ymax>
    </bndbox>
  </object>
</annotation>
