<annotation>
  <folder>images</folder>
  <filename>Alfa_Laval_Sensor_211.jpg</filename>
  <path>data/temptest/images/Alfa_Laval_Sensor_211.jpg</path>
  <source>
    <database>Unknown</database>
  </source>
  <size>
    <width>640</width>
    <height>480</height>
    <depth>3</depth>
  </size>
  <segmented>0</segmented>
  <object>
    <name>alfa</name>
    <pose>Unspecified</pose>
    <truncated>0</truncated>
    <difficult>0</difficult>
    <bndbox>
      <xmin>115</xmin>
      <ymin>303</ymin>
      <xmax>189</xmax>
      <ymax>377</ymax>
    </bndbox>
  </object>
  <object>
    <name>alfa</name>
    <pose>Unspecified</pose>
    <truncated>0</truncated>
    <difficult>0</difficult>
    <bndbox>
      <xmin>298</xmin>
      <ymin>247</ymin>
      <xmax>329</xmax>
      <ymax>292</ymax>
    </bndbox>
  </object>
  <object>
    <name>alfa</name>
    <pose>Unspecified</pose>
    <truncated>0</truncated>
    <difficult>0</difficult>
    <bndbox>
      <xmin>353</xmin>
      <ymin>228</ymin>
      <xmax>379</xmax>
      <ymax>267</ymax>
    </bndbox>
  </object>
</annotation>
