<annotation>
  <folder>images</folder>
  <filename>Alfa_Laval_Sensor_204.jpg</filename>
  <path>data/temptest/images/Alfa_Laval_Sensor_204.jpg</path>
  <source>
    <database>Unknown</database>
  </source>
  <size>
    <width>640</width>
    <height>480</height>
    <depth>3</depth>
  </size>
  <segmented>0</segmented>
  <object>
    <name>alfa</name>
    <pose>Unspecified</pose>
    <truncated>0</truncated>
    <difficult>0</difficult>
    <bndbox>
      <xmin>260</xmin>
      <ymin>158</ymin>
      <xmax>271</xmax>
      <ymax>178</ymax>
    </bndbox>
  </object>
  <object>
    <name>alfa</name>
    <pose>Unspecified</pose>
    <truncated>0</truncated>
    <difficult>0</difficult>
    <bndbox>
      <xmin>281</xmin>
      <ymin>154</ymin>
      <xmax>290</xmax>
      <ymax>170</ymax>
    </bndbox>
  </object>
  <object>
    <name>alfa</name>
    <pose>Unspecified</pose>
    <truncated>0</truncated>
    <difficult>0</difficult>
    <bndbox>
      <xmin>291</xmin>
      <ymin>151</ymin>
      <xmax>301</xmax>
      <ymax>165</ymax>
    </bndbox>
  </object>
</annotation>
