<annotation>
	<folder>OnlyOneAlfaLaval</folder>
	<filename>Alfa_Laval_Sensor_059.jpg</filename>
	<path>C:\Users\emila\Documents\Diplomingeniør_lokal\GitHubDesktop\Afgangsprojekt\Python\data\OnlyOneAlfaLaval\Alfa_Laval_Sensor_059.jpg</path>
	<source>
		<database>Unknown</database>
	</source>
	<size>
		<width>1280</width>
		<height>720</height>
		<depth>3</depth>
	</size>
	<segmented>0</segmented>
	<object>
		<name>alfa</name>
		<pose>Unspecified</pose>
		<truncated>0</truncated>
		<difficult>0</difficult>
		<bndbox>
			<xmin>475</xmin>
			<ymin>271</ymin>
			<xmax>498</xmax>
			<ymax>297</ymax>
		</bndbox>
	</object>
</annotation>
