<annotation>
  <folder>images</folder>
  <filename>Alfa_Laval_Sensor_214.jpg</filename>
  <path>data/temptest/images/Alfa_Laval_Sensor_214.jpg</path>
  <source>
    <database>Unknown</database>
  </source>
  <size>
    <width>640</width>
    <height>480</height>
    <depth>3</depth>
  </size>
  <segmented>0</segmented>
  <object>
    <name>alfa</name>
    <pose>Unspecified</pose>
    <truncated>0</truncated>
    <difficult>0</difficult>
    <bndbox>
      <xmin>282</xmin>
      <ymin>204</ymin>
      <xmax>306</xmax>
      <ymax>235</ymax>
    </bndbox>
  </object>
  <object>
    <name>alfa</name>
    <pose>Unspecified</pose>
    <truncated>0</truncated>
    <difficult>0</difficult>
    <bndbox>
      <xmin>358</xmin>
      <ymin>227</ymin>
      <xmax>391</xmax>
      <ymax>264</ymax>
    </bndbox>
  </object>
  <object>
    <name>alfa</name>
    <pose>Unspecified</pose>
    <truncated>0</truncated>
    <difficult>0</difficult>
    <bndbox>
      <xmin>443</xmin>
      <ymin>251</ymin>
      <xmax>486</xmax>
      <ymax>300</ymax>
    </bndbox>
  </object>
</annotation>
