<annotation>
  <folder>images</folder>
  <filename>Alfa_Laval_Sensor_208.jpg</filename>
  <path>data/temptest/images/Alfa_Laval_Sensor_208.jpg</path>
  <source>
    <database>Unknown</database>
  </source>
  <size>
    <width>640</width>
    <height>480</height>
    <depth>3</depth>
  </size>
  <segmented>0</segmented>
  <object>
    <name>alfa</name>
    <pose>Unspecified</pose>
    <truncated>0</truncated>
    <difficult>0</difficult>
    <bndbox>
      <xmin>240</xmin>
      <ymin>249</ymin>
      <xmax>278</xmax>
      <ymax>296</ymax>
    </bndbox>
  </object>
  <object>
    <name>alfa</name>
    <pose>Unspecified</pose>
    <truncated>0</truncated>
    <difficult>0</difficult>
    <bndbox>
      <xmin>304</xmin>
      <ymin>214</ymin>
      <xmax>323</xmax>
      <ymax>252</ymax>
    </bndbox>
  </object>
  <object>
    <name>alfa</name>
    <pose>Unspecified</pose>
    <truncated>0</truncated>
    <difficult>0</difficult>
    <bndbox>
      <xmin>328</xmin>
      <ymin>204</ymin>
      <xmax>344</xmax>
      <ymax>232</ymax>
    </bndbox>
  </object>
</annotation>
